{"1": {"train_loss": 3.1900821601782483, "dev_loss": 2.6921537927552763, "dev_tox_f1_macro": 0.5704439389887879, "dev_tox_acc": 0.6459627329192547, "bias_f1_macro_toxic_only": 0.15161467677314672, "bias_acc_toxic_only": 0.40695652173913044, "tgt_f1_macro_toxic_only": 0.3861501276135423, "tgt_acc_toxic_only": 0.7304347826086957}, "2": {"train_loss": 2.5705009358692408, "dev_loss": 2.40442552987267, "dev_tox_f1_macro": 0.5675939288999025, "dev_tox_acc": 0.6409937888198758, "bias_f1_macro_toxic_only": 0.3593958878833343, "bias_acc_toxic_only": 0.6, "tgt_f1_macro_toxic_only": 0.5549888798306588, "tgt_acc_toxic_only": 0.7965217391304348}, "3": {"train_loss": 2.1346384360831667, "dev_loss": 2.3849246852538166, "dev_tox_f1_macro": 0.6658392709660979, "dev_tox_acc": 0.7043478260869566, "bias_f1_macro_toxic_only": 0.4872257485609571, "bias_acc_toxic_only": 0.6469565217391304, "tgt_f1_macro_toxic_only": 0.5265442558510081, "tgt_acc_toxic_only": 0.7513043478260869}, "4": {"train_loss": 1.7506303932175742, "dev_loss": 2.539549708366394, "dev_tox_f1_macro": 0.6414096066169649, "dev_tox_acc": 0.6869565217391305, "bias_f1_macro_toxic_only": 0.497528043277793, "bias_acc_toxic_only": 0.6313043478260869, "tgt_f1_macro_toxic_only": 0.5162351729225537, "tgt_acc_toxic_only": 0.7495652173913043}, "5": {"train_loss": 1.441691634672747, "dev_loss": 2.6674031907436895, "dev_tox_f1_macro": 0.6904074591126598, "dev_tox_acc": 0.715527950310559, "bias_f1_macro_toxic_only": 0.4897153818429283, "bias_acc_toxic_only": 0.6086956521739131, "tgt_f1_macro_toxic_only": 0.5091881541973774, "tgt_acc_toxic_only": 0.7426086956521739}, "6": {"train_loss": 1.2651954149785765, "dev_loss": 2.6546763438804475, "dev_tox_f1_macro": 0.7062428885763832, "dev_tox_acc": 0.7267080745341615, "bias_f1_macro_toxic_only": 0.514963858684114, "bias_acc_toxic_only": 0.6469565217391304, "tgt_f1_macro_toxic_only": 0.553323413900943, "tgt_acc_toxic_only": 0.7495652173913043}, "7": {"train_loss": 1.1415234817464652, "dev_loss": 2.7951454274794636, "dev_tox_f1_macro": 0.6783923766837437, "dev_tox_acc": 0.7006211180124223, "bias_f1_macro_toxic_only": 0.5343450858419289, "bias_acc_toxic_only": 0.6521739130434783, "tgt_f1_macro_toxic_only": 0.5551363834058852, "tgt_acc_toxic_only": 0.7530434782608696}, "8": {"train_loss": 1.0683614033327504, "dev_loss": 2.832421190598432, "dev_tox_f1_macro": 0.6844379555434831, "dev_tox_acc": 0.7068322981366459, "bias_f1_macro_toxic_only": 0.5236369308073959, "bias_acc_toxic_only": 0.6295652173913043, "tgt_f1_macro_toxic_only": 0.5437858153789056, "tgt_acc_toxic_only": 0.7460869565217392}, "9": {"train_loss": 1.017157601955215, "dev_loss": 2.869738959798626, "dev_tox_f1_macro": 0.7100120125960148, "dev_tox_acc": 0.7279503105590062, "bias_f1_macro_toxic_only": 0.5384265893275456, "bias_acc_toxic_only": 0.6382608695652174, "tgt_f1_macro_toxic_only": 0.5549942487432105, "tgt_acc_toxic_only": 0.7617391304347826}, "10": {"train_loss": 0.9784114133039716, "dev_loss": 2.9174800737231386, "dev_tox_f1_macro": 0.6952982864996023, "dev_tox_acc": 0.7118012422360248, "bias_f1_macro_toxic_only": 0.5276021073739079, "bias_acc_toxic_only": 0.6504347826086957, "tgt_f1_macro_toxic_only": 0.5503090988992202, "tgt_acc_toxic_only": 0.7373913043478261}, "11": {"train_loss": 0.9497084046711697, "dev_loss": 2.9197006178837195, "dev_tox_f1_macro": 0.7061331772666581, "dev_tox_acc": 0.724223602484472, "bias_f1_macro_toxic_only": 0.5317022926513811, "bias_acc_toxic_only": 0.6417391304347826, "tgt_f1_macro_toxic_only": 0.592373917420919, "tgt_acc_toxic_only": 0.7704347826086957}, "12": {"train_loss": 0.9314162475299599, "dev_loss": 2.932104405234842, "dev_tox_f1_macro": 0.7080628019323671, "dev_tox_acc": 0.7304347826086957, "bias_f1_macro_toxic_only": 0.5292224336223692, "bias_acc_toxic_only": 0.6417391304347826, "tgt_f1_macro_toxic_only": 0.5582275218369881, "tgt_acc_toxic_only": 0.7339130434782609}, "13": {"train_loss": 0.9178291483789165, "dev_loss": 2.9867035197276697, "dev_tox_f1_macro": 0.6922926975558554, "dev_tox_acc": 0.7192546583850932, "bias_f1_macro_toxic_only": 0.540783955113073, "bias_acc_toxic_only": 0.6417391304347826, "tgt_f1_macro_toxic_only": 0.5662474127360871, "tgt_acc_toxic_only": 0.7669565217391304}, "testing_metrics": {"loss": 2.96486838424907, "tox_acc": 0.7245657568238213, "tox_f1_macro": 0.7064592742418639, "tox_recall_macro": 0.7064631829280795, "tox_precision_macro": 0.7070107108441434, "tox_report": "              precision    recall  f1-score   support\n\n    Explicit       0.82      0.80      0.81       362\n    Implicit       0.56      0.60      0.58       214\n     Neutral       0.74      0.72      0.73       230\n\n    accuracy                           0.72       806\n   macro avg       0.71      0.71      0.71       806\nweighted avg       0.73      0.72      0.73       806\n", "bias_acc": 0.5161290322580645, "bias_f1_macro": 0.47009199599440105, "bias_recall_macro": 0.5019095943609062, "bias_precision_macro": 0.5003503755307022, "bias_report": "              precision    recall  f1-score   support\n\n           0       0.62      0.66      0.64       198\n           1       0.38      0.77      0.51        57\n           2       0.79      0.50      0.61        30\n           3       0.10      0.31      0.15        35\n           4       0.35      0.29      0.32        21\n           5       0.63      0.65      0.64       110\n           6       0.48      0.74      0.58        19\n           7       0.50      0.22      0.31         9\n           8       0.65      0.37      0.47       327\n\n    accuracy                           0.52       806\n   macro avg       0.50      0.50      0.47       806\nweighted avg       0.59      0.52      0.53       806\n", "tgt_acc": 0.5496277915632755, "tgt_f1_macro": 0.4472282824671691, "tgt_recall_macro": 0.5090684513566045, "tgt_precision_macro": 0.5231212822344005, "tgt_report": "              precision    recall  f1-score   support\n\n  Individual       0.68      0.76      0.72       254\n       Group       0.65      0.77      0.71       266\n       Other       0.12      0.40      0.18        50\n        None       0.64      0.11      0.18       236\n\n    accuracy                           0.55       806\n   macro avg       0.52      0.51      0.45       806\nweighted avg       0.62      0.55      0.52       806\n", "bias_acc_toxic_only": 0.6197916666666666, "bias_f1_macro_toxic_only": 0.5335391762452364, "tgt_acc_toxic_only": 0.7274305555555556, "tgt_f1_macro_toxic_only": 0.506454764908302}}